{
  "chapterNumber": 1,
  "title": "Test Chapter",
  "audioDuration": 1.9999773242630385,
  "imageDuration": 2,
  "imageCount": 1,
  "musicUrl": "https://prod-1.storage.jamendo.com/?trackid=263849&format=mp31&from=Iut80WyFEkpvgqaAgbEeRg%3D%3D%7Cwa44aNrPprpEQBJISDmPvg%3D%3D",
  "musicVolume": 0.1,
  "sfxTimings": [
    {
      "name": "room-tone wind rain 11 200216_0114.wav",
      "startTime": 1.67,
      "duration": 0.3299773242630386,
      "volume": 0.2,
      "filePath": "sfx/room-tone_wind_rain_11_200216_0114wav.mp3",
      "url": "https://cdn.freesound.org/previews/522/522752_1648170-hq.mp3"
    }
  ]
}